id,smoking
19200,1
7784,0
11682,0
9949,0
9378,1
12596,0
1441,0
1520,0
1271,1
15819,1
6594,1
6287,1
18232,1
5425,1
17236,1
6427,0
8716,0
12105,1
2481,1
2345,0
4300,0
17860,1
4539,0
5385,0
12999,0
1373,1
18063,0
9286,1
12836,0
6322,1
5594,1
11525,1
12090,0
9562,1
16500,0
9253,1
19481,0
5125,0
18738,0
16445,1
8753,1
9518,0
8909,1
17536,1
3583,0
8604,0
5434,0
9288,0
6230,0
3232,0
4432,1
15941,0
16967,1
18753,1
4630,1
17677,0
14323,0
3831,1
12055,0
18483,1
7001,1
15066,0
9719,0
9774,1
19650,0
17462,1
19089,0
13773,0
19360,0
18260,0
4098,0
2846,1
12240,0
3552,1
18813,0
8445,0
15768,1
1615,0
11955,0
9485,1
14799,0
17167,0
3713,0
17897,0
11245,0
15274,1
6982,0
1640,1
18697,0
15952,1
10574,1
9586,1
17639,0
11017,1
2068,0
851,0
9185,1
7086,1
12031,0
17,0
5112,0
18394,1
8560,1
13814,1
14846,0
2862,0
12825,0
8808,0
17480,1
19205,1
9241,0
12662,0
15132,1
15649,1
15470,1
14942,0
2228,0
5394,1
3218,1
12407,1
5170,1
3723,0
15672,0
9113,0
10124,1
6447,1
15441,1
7911,1
16998,1
12155,0
9828,1
10133,1
12693,0
15223,1
197,0
8584,0
10172,0
11114,1
15240,1
3386,1
3165,0
2204,1
13625,0
6226,0
17764,0
5012,0
10279,0
2262,0
13205,1
4441,0
8353,1
12034,0
2816,1
4039,1
2644,0
8958,1
2257,1
6602,0
13465,1
1239,0
11701,1
1536,0
10078,1
2575,1
15351,1
2374,1
2629,1
9841,0
2576,1
7288,0
1032,0
10033,1
10174,1
13330,0
14211,0
9896,1
17970,0
18528,0
5426,0
8280,1
7390,0
15056,0
8752,1
3420,0
5566,0
17909,0
8132,1
19132,0
2914,0
9467,0
18814,1
1845,0
678,0
931,1
6628,1
5315,0
5259,1
9597,0
4007,1
278,1
5909,1
6932,0
5688,1
6623,0
4919,0
11025,1
842,0
4946,1
1474,0
7200,1
9085,0
7283,0
18252,0
11234,1
19539,0
17101,1
16647,0
12478,1
14981,1
1310,0
11378,1
2893,1
9632,0
18820,0
18679,0
2922,0
12052,1
11557,0
7345,0
7810,0
4382,0
19572,1
9462,1
1919,1
12531,0
15471,1
12011,0
7457,0
10678,1
2407,0
4143,0
6151,1
773,1
13983,1
9668,1
10350,0
15100,0
5327,1
19323,1
13374,0
5546,0
4405,0
7982,0
14057,0
18173,1
19547,0
573,0
7882,0
7009,0
12804,0
122,1
7069,0
15259,1
5484,0
8803,0
8129,1
10498,1
5072,1
1173,0
8062,1
18339,1
16349,0
1142,1
18476,1
11899,0
9272,0
13150,0
2585,1
9480,0
14272,0
3445,0
16422,0
17152,0
1762,0
2022,1
15148,1
207,0
16215,1
4425,0
6014,0
6053,1
19157,1
5038,1
3491,1
12732,0
3741,1
4950,0
7554,1
3857,0
289,0
14553,0
13867,1
5395,0
653,0
14692,0
2814,1
12762,1
9587,1
14927,1
1983,0
5912,0
16449,1
17647,1
12466,1
12865,1
12834,0
8852,1
17045,0
14755,1
7514,1
9295,0
7013,0
7928,0
11757,0
5035,0
15902,1
6878,1
8988,1
14624,0
16605,0
12166,0
3511,0
13336,1
15921,1
13793,0
17838,1
16265,1
737,1
18308,1
14273,0
10630,0
13209,1
12993,0
6578,1
4832,1
15051,1
17038,1
5662,1
13957,1
13189,0
16397,1
11975,0
13128,1
299,0
1999,0
11387,0
5173,0
17527,1
2749,0
1197,0
12364,0
17721,0
8589,1
18605,0
17273,1
17954,1
11674,0
7232,1
994,1
2702,0
9117,0
6759,1
10740,1
203,0
12421,1
10745,0
8879,0
8684,0
2087,0
15609,1
19590,0
399,1
5723,0
2934,1
18400,0
10847,1
3658,1
1949,0
12534,1
4491,0
11483,1
14937,1
1123,1
15783,0
2404,0
19651,1
4,0
14283,0
3309,1
6874,0
15519,0
10897,1
13602,1
51,1
16861,0
158,1
4158,1
18991,1
15075,0
2054,0
7926,0
17839,1
1439,0
8895,1
11548,1
4665,0
7158,0
16948,0
17634,1
1749,0
14442,0
4251,0
14186,1
517,0
880,1
8931,0
17956,1
11733,1
12751,1
9271,1
18306,0
14848,0
9048,0
11693,1
10094,0
3942,0
14188,0
13229,0
3342,0
8492,0
8820,1
15267,0
1371,1
5719,0
5561,1
10421,1
2232,0
13008,0
4186,1
9689,0
17027,0
9531,1
10638,0
16924,1
13236,0
6879,1
17974,0
8175,1
10228,1
362,0
3341,1
4005,1
549,1
11994,0
15346,1
17317,1
1710,0
11077,0
5628,1
18886,0
11594,0
10737,1
10415,0
18805,0
9764,0
10487,1
6551,0
14902,0
13389,0
4363,1
14589,1
12809,0
9114,1
642,0
13312,1
3018,0
15354,0
19748,0
833,1
1053,0
8622,1
9640,1
12790,0
16499,0
10766,1
16730,1
12866,1
15558,0
14220,0
7591,1
15595,1
14977,1
2317,0
2928,0
5556,1
18160,1
3126,0
19397,0
14847,0
3623,0
8212,0
16553,1
11603,0
7456,0
11458,1
8759,1
5441,1
1203,1
10758,1
19703,0
13799,0
10001,1
2475,1
14985,0
9885,0
4240,0
15162,1
11332,1
1669,0
10938,0
1204,0
5798,0
4843,0
7164,0
9548,0
16523,1
3346,0
13787,0
7769,1
8934,0
2693,0
8963,0
6123,1
15474,1
15565,1
10419,1
8056,0
3272,0
4564,1
1944,0
6391,0
19663,0
18216,1
11127,0
9094,1
9824,1
4175,1
6299,1
11931,1
3286,0
1488,0
16272,1
13248,0
7087,1
13341,0
17290,0
8100,1
18989,1
3602,0
17233,0
15596,0
8545,0
3676,0
194,1
13836,0
6051,0
14375,0
10530,1
16543,0
4710,1
12932,0
12565,0
13284,0
17883,1
13624,0
7890,0
10775,0
13657,1
1965,0
19088,1
9157,0
4888,1
10854,1
19615,0
19069,0
19306,0
2540,1
17305,1
2208,0
5121,0
14872,1
12992,0
6715,1
7974,0
16994,0
13262,1
16207,0
11873,1
3423,0
9490,0
1872,0
19372,1
14499,0
12422,0
15579,1
11597,0
9465,1
6341,0
11890,0
8427,1
5790,0
17139,1
13904,1
17531,0
9630,0
8372,0
14990,1
1451,1
16693,1
9709,0
1498,1
6841,0
17959,1
10408,0
12296,0
787,0
5399,0
556,1
131,0
8511,0
10736,0
7636,1
320,1
16782,0
2716,0
763,1
17969,1
15734,1
2627,0
15469,0
15817,1
16583,0
1670,0
2683,0
4785,1
8647,1
13266,0
6267,1
2650,1
10214,1
13822,1
4230,1
6860,0
4174,1
1597,1
9675,0
8051,0
15157,1
7778,0
19234,0
11498,0
19346,0
17600,0
4747,0
3345,0
17642,1
373,0
15785,1
16249,0
12027,0
9968,0
19245,0
7066,0
17112,0
6918,0
10481,1
7353,0
1012,1
9356,0
18797,0
15782,0
17779,0
12396,1
13510,0
71,1
8384,1
1103,1
14609,1
15859,1
19294,0
17842,0
7421,0
17109,1
519,1
14656,1
8107,0
12195,1
755,0
15917,0
4123,0
19265,1
14410,1
6737,1
12543,1
17907,0
6052,1
13117,1
5752,0
18073,0
2555,0
9607,1
7385,0
1830,0
6956,0
5010,0
7258,0
17050,0
10386,1
12895,1
19176,1
11721,0
18131,1
1392,0
871,0
9759,1
14209,0
18150,0
2415,1
6620,0
4663,0
4464,1
1765,0
60,0
3043,0
2335,0
16714,1
4351,0
15646,1
1415,1
10507,1
81,0
10663,1
18734,0
18411,1
4085,0
9953,0
6619,1
17377,0
4275,0
17023,1
17750,0
18790,0
9375,1
17546,1
141,1
13338,0
8937,1
2307,1
4164,1
224,0
10793,1
9111,1
3316,0
12765,0
12144,0
15211,0
2132,1
9784,1
8139,0
6380,1
5447,0
6006,0
5568,0
11580,1
3971,0
8022,1
13565,0
4817,0
8626,0
15654,0
3859,0
12201,0
15631,0
5161,1
3901,1
2322,1
16129,1
7467,0
1565,1
2732,0
4377,1
8023,1
17281,1
9838,1
11362,1
16450,0
18628,1
8985,1
15714,1
19112,1
796,0
13202,0
17040,1
11393,0
4607,1
10349,0
6070,0
7315,0
528,1
1490,0
10336,0
7857,1
5837,0
12960,0
10339,0
10971,0
19773,1
12812,0
1364,1
5817,1
18775,1
15727,1
12173,1
4018,0
7407,1
9420,0
14033,1
17893,1
10794,1
12148,0
2655,1
8360,1
2125,1
13538,1
12233,0
34,1
6210,1
9266,1
13619,0
6649,0
2060,0
1116,1
1457,0
14098,0
1055,1
8090,1
7520,1
17466,1
4071,1
17646,0
16088,1
12192,1
12294,1
8419,1
11566,0
4301,0
16291,1
3579,0
18134,1
17678,1
4696,1
13546,0
4948,0
6468,1
11568,1
5809,1
5301,0
66,0
5230,1
18286,1
3343,1
3391,0
12381,0
3701,0
798,0
5729,1
4332,0
2312,1
2420,1
8973,1
2160,0
19297,1
13749,0
18059,0
18374,1
3872,0
18393,0
18303,0
11177,0
8702,1
15202,0
1928,0
17871,1
16038,1
6216,0
8993,1
8789,1
19643,0
5890,1
2280,0
14434,0
6817,0
11970,1
18581,0
5044,0
2664,1
702,0
2859,0
16930,0
14194,0
10602,1
15306,0
14745,0
18265,1
15034,0
18888,0
5086,0
9614,1
17003,0
11635,1
4877,1
11389,1
6001,0
958,1
3393,0
1673,1
15404,0
16923,1
13570,1
13314,1
11222,1
2231,1
9722,1
5240,1
6488,0
3997,1
9264,0
10852,0
14287,0
5208,1
18492,1
11035,1
4394,1
2437,1
8631,1
11724,1
14678,1
2188,1
16838,1
17391,1
7743,1
15352,1
3856,0
7771,1
15227,0
3132,1
12537,0
9343,0
12104,0
7807,1
17619,1
17314,0
11278,0
14371,0
18923,0
5881,1
8381,0
7078,1
2143,1
9822,1
12644,1
1312,0
3456,0
6125,0
6327,1
5448,0
9350,0
11144,0
14363,0
1218,1
17431,0
4566,0
19533,0
7640,1
15807,1
19215,0
458,1
12030,0
6232,0
5239,1
6183,1
16939,1
11813,1
19428,1
10557,0
17515,0
6766,1
10723,0
9040,1
17355,0
402,1
17243,0
1126,1
17906,1
569,0
12939,1
925,0
17283,0
12510,1
16692,0
16762,0
6876,1
5900,1
1633,0
3962,1
14134,0
592,0
10237,1
5804,0
17153,0
1160,0
18902,1
10437,1
7220,0
2516,1
17534,1
1641,0
5750,0
10912,0
13946,1
7864,0
19238,1
7569,0
3064,0
15465,0
12905,0
8612,1
11414,0
12048,1
19210,1
8663,1
13647,0
13655,1
5397,1
9973,1
8546,0
12632,0
8237,1
1169,1
5993,1
4083,1
1788,0
7182,0
8207,0
7025,0
11489,0
4984,0
12160,1
1460,1
5620,1
17081,0
15816,0
11790,1
2001,0
13453,0
11435,1
3653,0
9357,0
2903,0
13972,1
13830,1
2492,1
12754,0
257,1
17285,0
13319,0
8508,1
12955,0
5708,0
16375,1
17105,0
15590,0
4202,1
1663,0
8815,0
882,1
406,0
17399,0
19730,0
16231,1
7163,0
11766,0
864,1
13713,0
17119,1
6506,1
16908,1
11910,0
16889,1
6157,0
7245,1
15844,0
4181,1
9180,0
14693,0
5284,1
19450,1
8919,1
3138,0
7325,1
1893,1
6252,1
7834,0
7960,0
12805,1
1997,0
15136,1
14130,0
14332,0
2901,1
5619,0
16195,1
9365,0
14890,0
740,0
18418,1
14054,0
9440,0
12344,0
7893,0
944,0
9402,1
11133,1
9834,0
14962,0
17837,1
35,0
3572,0
2991,0
16152,0
19478,1
607,0
17354,1
1022,1
12121,0
18149,1
14802,0
7908,0
5445,1
9417,1
12475,0
15994,0
15222,0
16481,1
11711,1
6925,1
18074,0
9107,1
18651,1
11507,1
9697,0
13222,1
13635,0
16858,1
6516,0
2205,0
3125,0
18094,0
6499,1
1211,1
5785,1
5957,1
16214,1
15610,0
12648,0
6504,1
2984,0
11847,1
13218,0
8489,0
16453,1
6990,0
3479,1
6392,0
11335,1
15236,1
16415,1
18103,0
3472,0
10126,0
17043,0
9296,0
14532,0
3489,1
10967,0
19225,0
5626,1
10478,0
13982,1
107,0
936,0
4796,0
5162,0
3334,0
3194,0
16046,0
8455,0
5213,0
10086,0
1334,1
11188,1
19648,0
11529,0
10679,0
12672,1
6220,0
9329,1
9370,0
8264,1
7120,0
13733,0
14166,0
9377,0
859,1
7414,1
3094,0
10436,0
19506,1
8416,0
10245,0
5319,1
1356,0
7726,1
7920,1
1207,0
14379,1
7794,1
1279,0
17676,0
6939,0
9770,0
1152,1
687,0
5573,0
15958,0
16931,1
7192,1
4341,0
12440,0
7927,0
18127,1
8097,1
17747,0
19222,0
9549,0
19520,0
4485,0
7913,0
8141,0
2647,0
400,1
9313,0
13493,1
834,1
15679,0
13540,1
95,1
16439,0
1680,0
10734,1
6692,0
3469,1
19212,1
16960,1
31,0
5946,0
12452,0
4057,0
7595,0
13160,1
17332,1
15480,0
18722,0
14023,1
6992,0
7276,0
7606,0
8095,1
12209,1
615,0
7697,0
16043,0
5816,0
5939,1
4139,1
13654,0
14836,0
19694,0
17637,1
8155,0
6505,0
18587,1
17276,0
5006,0
12525,0
14596,0
12690,0
19558,0
9658,1
8521,1
3112,0
18649,1
13010,1
2786,1
2009,0
13590,1
8727,1
8126,0
6890,1
12483,1
17989,1
3792,1
4223,1
6647,0
1914,1
13486,1
16764,1
7977,1
8579,1
19633,1
17158,0
4944,0
14702,0
19024,0
11648,0
12512,1
6303,0
9215,0
12029,0
10142,0
8482,0
18745,1
3811,0
3858,1
12968,1
15940,1
5330,1
13194,1
2019,1
2152,0
2965,1
11871,1
12946,0
19352,1
15369,1
15573,1
11926,1
11195,1
13574,1
17304,0
4160,1
410,1
1470,0
2654,0
6726,1
2050,1
18595,1
16886,0
5111,0
15266,1
15270,0
5053,0
5682,0
11436,1
1196,0
1317,0
5963,0
16964,0
2182,1
9183,1
3697,1
1311,0
19405,1
13509,0
3867,0
10090,1
17149,1
7969,1
3889,1
7598,0
14856,1
5715,1
200,1
4553,0
2277,1
3891,0
10048,0
10925,0
18594,0
4426,1
1822,0
11860,1
1081,0
4737,0
15724,0
16220,1
13788,0
16441,0
12069,1
19488,1
4478,0
2875,1
12981,1
4447,1
8760,1
4295,0
2512,0
9765,1
4389,0
5575,1
18109,0
1166,0
7714,1
1430,0
9974,0
11795,1
3562,0
3537,1
10018,1
16276,1
7140,0
3817,1
14721,0
4110,0
13652,0
2387,0
7138,0
12646,0
10370,1
19492,0
10645,1
8326,1
7508,0
3304,0
2621,1
14534,0
1025,1
6952,0
881,1
17829,0
15033,0
16150,0
5994,0
5463,0
18893,1
6248,1
14896,1
5096,1
16269,1
1206,0
13524,0
13098,0
1242,0
9616,1
8158,0
9522,1
5670,0
15779,0
10203,0
14880,1
19249,0
9090,1
10054,0
5222,1
9179,1
15120,1
10657,1
17299,1
7435,1
12921,1
10450,0
6948,0
12611,1
3045,0
8930,1
1321,1
16114,0
5522,0
10302,1
11197,0
2077,1
16739,1
17902,0
11728,0
12298,1
5346,0
482,0
12886,0
208,1
521,0
8921,0
16868,1
13639,1
3276,0
18884,1
7850,0
11180,1
15076,1
11773,0
2260,0
7052,1
2508,1
14399,1
3339,0
44,1
17877,1
18767,0
18253,1
3799,0
7652,1
18495,1
10233,1
14958,1
17665,1
876,0
748,1
17895,0
14528,0
6540,0
11930,1
9581,0
7444,1
16636,1
19495,0
17596,1
8886,0
7482,0
13061,1
9100,0
3417,0
10611,1
16919,0
4111,0
6238,0
14509,1
1768,0
10754,0
4509,0
12493,0
19646,0
11238,1
18098,1
6023,0
12018,1
13055,0
9133,1
5156,0
276,0
19288,0
10733,1
6866,1
438,1
8692,0
585,1
13869,1
6109,1
19037,0
15230,1
12426,0
3728,1
7070,0
16008,0
3188,1
10165,0
12445,0
2499,0
11974,0
1482,1
1850,1
19661,0
10577,0
15233,0
6450,0
12234,0
6636,0
17114,1
3240,1
1651,1
9943,1
12964,1
2436,0
6510,0
15800,0
15752,0
9000,1
4906,0
8,0
18259,0
6983,1
3452,1
8653,1
18891,1
7110,0
16027,0
11280,0
4838,1
4414,1
12309,0
15956,1
8700,0
15529,0
8148,1
9809,1
12600,0
16526,0
16457,0
15463,1
8347,0
11415,0
14022,0
9175,0
90,1
13424,0
2241,1
3897,0
2477,0
854,0
835,0
8920,1
14912,0
3117,0
10603,0
5403,0
12098,0
13450,0
6490,1
9460,1
14170,0
4149,1
10711,0
10042,1
3751,1
14071,0
1466,0
15695,1
9431,1
17378,0
6035,0
17400,1
6200,0
19174,0
9205,1
11418,1
8236,1
2742,1
5209,0
16328,0
15746,1
16529,0
96,1
11843,0
9472,0
18291,1
12554,1
7021,0
2417,1
13988,0
12239,0
15786,0
7923,0
7715,1
16026,1
3326,1
14571,0
11775,0
7557,1
15916,0
4596,1
10380,1
9516,0
3088,1
1094,1
18377,0
14308,0
10539,1
14256,0
5049,0
16106,0
14254,0
4227,0
7986,1
426,0
8984,0
7602,1
5461,1
13274,1
1018,0
16028,1
9626,0
11709,0
16382,0
9204,0
4514,1
19078,1
13649,1
16414,0
7524,0
13753,1
1951,0
13528,1
5402,1
3758,0
13584,0
8686,0
9864,1
15880,1
16040,0
7281,1
13301,0
19337,0
9414,1
15591,1
13809,0
10614,0
16617,0
9625,1
15972,1
2800,1
3210,0
5694,0
8986,1
2128,1
10132,1
7357,1
9743,0
4945,0
19542,0
13317,0
17588,0
14843,1
1061,1
9677,0
1509,0
4829,0
19136,0
6176,0
19509,0
945,1
15293,1
13891,1
12138,0
4411,1
2238,1
1176,0
19467,0
19336,0
550,0
11585,0
7250,0
12682,1
13677,1
15175,1
1192,0
2645,0
12760,1
13191,1
4113,1
17576,0
3322,1
5873,1
7963,1
4427,1
8723,0
123,1
8295,1
18490,0
18560,1
10874,0
3244,0
4357,1
4752,0
11034,0
2888,0
13609,1
5843,0
120,0
14791,1
10091,1
19601,0
4883,0
17792,0
17614,1
140,0
4730,1
2652,0
18934,0
9274,1
14666,1
13444,1
924,0
18984,0
6479,0
8146,1
11205,1
12594,0
5091,1
14617,0
17622,1
2609,1
8477,0
10572,1
15676,0
312,0
5515,0
16581,1
14577,1
9573,1
4254,0
16525,0
3505,1
17477,0
1918,0
8431,0
15200,1
13213,0
17914,1
19143,0
15430,1
14453,0
3474,0
1332,0
2471,1
2789,1
8183,0
11482,1
12786,1
1005,0
2740,1
2465,0
443,1
16427,0
4148,0
7207,0
1643,0
6482,1
18681,0
17882,1
16266,0
5428,0
11309,0
9233,0
13700,1
17509,0
486,1
18463,0
19307,0
14850,1
15700,0
9331,1
17719,0
7398,0
17370,1
10136,1
9016,0
10593,0
13467,0
17092,0
10641,0
7396,1
19379,1
9389,1
2856,1
8451,1
4608,1
15411,0
6086,1
222,0
17308,0
9938,1
16674,1
2444,0
6218,0
6509,1
10535,1
7023,1
18518,1
10241,1
1079,0
6859,1
13031,1
6340,0
2390,1
14967,0
1608,1
8916,0
5654,0
15544,1
4667,0
16412,0
5768,0
18776,0
13259,1
2166,0
16558,0
9593,0
8904,0
8859,0
8423,0
558,0
16641,1
10710,1
4622,0
13734,0
17840,1
1275,1
14257,0
2089,1
3744,0
4241,0
9703,1
4011,1
1779,0
814,1
17194,0
8890,0
19393,1
19362,0
4182,0
8165,1
16996,1
14225,1
11048,1
13973,0
15860,0
16981,1
10446,1
14804,1
5953,1
5666,0
4415,1
18256,0
10127,1
11552,1
8810,1
11723,0
15965,1
13505,1
2641,0
17698,0
5311,1
17965,0
18193,1
12511,0
14268,0
5646,0
11524,0
8975,1
14,0
10763,1
12480,1
18440,1
18608,0
13847,0
18792,0
12491,1
6199,0
12360,1
16336,0
19463,1
2435,1
10880,0
10113,0
17608,0
8263,0
16578,0
12649,1
15237,0
18439,1
14324,0
1712,0
11647,1
17159,1
9768,1
13325,1
10031,0
667,0
7265,1
18389,1
2705,1
14834,1
17563,0
13009,0
16622,0
9823,1
14917,1
19692,0
7572,1
8980,1
3038,0
12802,0
4027,1
875,0
2201,0
16077,1
908,1
7589,1
11475,0
1660,1
16343,0
17734,0
10430,0
7307,0
9705,0
19690,0
12530,0
17532,1
10715,0
17830,0
3128,0
10346,0
10899,1
4982,1
19246,0
2457,0
9089,1
19518,1
13564,0
11858,0
2818,0
12347,1
16612,0
14559,1
14346,0
3930,0
3073,0
15310,1
2594,1
16145,1
10134,0
2658,1
4449,1
14364,1
18669,1
3662,0
17896,0
4609,1
7576,1
1427,0
9671,1
6079,0
9470,0
18024,1
12951,1
9363,0
5195,1
1910,0
981,0
7587,0
4990,1
17625,1
3955,1
9928,1
2505,0
6173,1
369,1
14107,1
13017,0
524,1
2381,0
14590,1
15435,0
6046,1
130,0
17863,1
2964,0
18955,1
1149,1
5548,0
18519,1
7708,1
4584,0
15852,1
2892,1
1043,1
18227,1
14869,1
14823,1
14884,1
8657,0
9380,0
4902,1
6263,0
2608,0
5504,1
285,0
8039,1
1855,0
1198,0
12607,0
11342,1
19583,1
15761,1
4647,1
6583,0
14132,1
3280,0
5456,0
6388,0
6643,0
17983,0
16603,1
11471,0
280,1
14737,0
18867,1
4033,1
8016,0
9648,1
17437,1
9782,0
11198,1
18634,1
1013,1
13832,1
7162,0
16010,0
6358,0
6042,0
13536,0
4146,0
19635,0
16516,0
3869,1
13567,0
6451,0
9980,1
7205,1
17812,1
14800,1
14344,1
2439,1
15879,1
5988,0
11057,0
8296,0
4733,0
4670,1
6862,1
18626,1
15381,0
2397,1
15052,1
19603,0
11528,1
4344,0
5848,1
9391,1
13159,0
12759,1
9301,0
1568,0
11807,1
10469,0
5200,1
5514,0
19624,1
8849,0
18592,1
5372,0
164,0
13968,0
2258,0
5183,0
367,0
13620,0
8685,1
10513,1
10990,0
11002,0
9909,1
7626,0
8611,1
9644,1
6458,1
8293,1
17115,0
2806,1
15042,0
17429,1
12716,1
6576,1
11014,1
14374,0
3004,0
13876,1
15329,0
1679,0
6233,0
10044,1
6368,1
9138,0
6140,1
2885,0
11322,1
7953,1
17409,0
5923,0
4811,0
12229,1
12221,1
2974,1
17620,0
3946,0
3310,0
14184,1
6639,1
10941,0
5807,1
13463,0
10661,1
3024,1
18345,1
10114,1
17592,0
10405,0
15949,0
6670,1
16547,0
9406,1
13732,0
8434,1
6472,0
6709,1
2790,1
12053,0
1109,1
17815,0
6338,0
4086,1
11518,1
10719,1
5517,1
6518,1
3324,1
11880,1
6031,1
9753,0
11331,0
19304,0
8185,0
12390,1
6209,0
1560,0
17235,1
10456,0
14237,0
3318,1
17270,0
13081,1
4856,0
10442,1
10404,0
11571,0
4087,1
13026,1
18995,0
7765,0
13472,0
10848,0
18644,0
11067,0
3097,0
19387,1
6544,1
3461,1
752,0
419,0
1077,1
12945,0
479,1
9316,1
14868,0
11109,0
9221,0
2753,1
16909,1
18769,1
6571,0
1209,1
17075,0
7097,0
15892,0
3083,0
18959,1
7196,0
3703,1
2767,1
14879,0
3485,0
10206,1
8081,1
8617,0
17335,0
14247,1
13085,1
12492,0
11486,0
15018,0
11230,1
10701,1
19028,0
8110,0
15309,0
18012,1
15367,1
439,0
6772,0
1395,0
5122,1
4629,1
13772,1
12113,0
17106,1
7556,1
8311,1
626,1
12224,0
6076,1
11210,1
14357,1
6770,0
12301,1
4244,1
886,0
232,1
15137,0
812,1
17137,0
9662,1
11953,1
4444,0
726,1
11532,0
14016,0
3220,1
14122,1
15788,0
2170,0
4316,1
12241,1
17774,0
17189,0
17206,1
11570,0
8430,0
1201,0
17004,1
6660,1
14190,0
5241,0
16950,0
17356,0
15335,1
1930,0
4221,1
13781,1
4857,0
8283,1
16744,1
11959,0
11155,1
4008,1
4534,0
12190,1
3352,0
17720,1
7663,1
382,0
14832,1
11960,1
9174,0
17939,1
17198,1
9611,1
14522,0
3174,1
5451,0
2781,0
5487,1
11859,0
2104,1
9383,0
10777,1
8539,0
10473,1
7906,0
7505,1
17120,0
8713,1
18378,0
7686,1
557,0
3085,0
14121,1
18947,0
6851,1
17090,1
11194,0
14622,1
11641,0
821,0
17440,0
2954,1
15606,0
2639,1
5132,1
6679,0
17195,0
10992,1
11677,0
747,1
2682,1
18015,1
5792,0
11066,0
10202,1
5569,0
2080,1
2565,1
9397,1
16586,1
1805,1
18079,0
18548,0
7139,0
8218,0
17708,1
14837,0
7499,1
14038,0
10002,0
13858,1
15119,1
14289,0
9509,1
3575,0
15196,0
16263,1
12749,1
9134,1
4628,1
13329,1
10027,0
15799,1
14138,0
10962,0
13671,1
12442,1
8952,0
2032,0
16350,1
6711,1
6314,0
10976,0
9282,1
6686,0
2210,1
11621,1
10445,0
4788,0
6542,0
6600,1
7696,0
18521,0
11211,0
8551,1
8961,0
13351,1
1097,0
4116,0
3076,0
14508,1
7873,0
15825,0
628,0
15431,0
15269,0
17383,1
18954,0
11137,1
7683,0
14892,0
13044,0
18466,1
10444,0
1738,0
11248,1
5551,1
19385,0
10255,0
13747,0
11690,1
6386,0
15810,0
4095,0
4756,0
5645,1
3200,0
17679,1
12791,1
7106,1
16774,0
2446,1
877,0
11623,1
8380,0
19514,1
19107,0
3539,0
5571,0
2112,1
7363,0
9989,0
16918,0
13603,0
4031,1
14010,0
14507,1
5532,0
16916,1
17346,1
7543,0
19769,0
9628,1
6971,0
17769,1
8091,0
3677,1
10280,1
7858,0
5720,0
1827,1
10993,1
371,0
2844,0
14938,1
4684,1
9530,1
136,0
13234,1
13048,1
19700,1
4258,0
12820,1
1386,0
13851,0
10461,0
10647,0
16076,1
12140,1
6889,1
8530,0
10832,0
6295,0
9533,0
18757,1
18475,1
15507,0
2900,0
4068,0
17127,0
15708,0
9866,0
19749,0
17599,0
4482,1
18422,0
14317,0
8513,0
12980,1
19442,0
8220,0
7789,0
15977,0
11740,0
536,1
19685,0
13585,1
19756,0
5169,0
15503,0
596,0
16456,1
6439,1
12177,0
11140,0
10839,0
10077,0
128,0
16379,0
5775,0
2741,0
11695,1
3850,1
4914,0
7309,0
603,0
11264,1
3528,0
1773,1
16105,1
8983,0
734,0
11450,1
11049,0
17529,0
7768,0
9140,0
3706,0
13794,1
6999,0
15802,1
14276,1
13184,1
11555,1
17586,1
230,0
1774,0
1181,1
19656,0
8488,1
18515,0
18625,1
19793,0
7053,1
10317,1
7644,0
11477,1
6912,0
15743,0
14299,1
19188,0
6768,0
18711,0
18503,1
19517,0
13361,0
5892,1
14150,1
10191,1
7605,0
2908,0
11409,1
18804,1
2243,1
14733,1
12331,0
1221,1
10960,1
7091,0
9941,1
15092,0
1249,1
14339,0
2952,0
3652,0
16496,1
13563,0
11619,1
18496,0
1868,0
2352,0
506,1
12474,0
6631,1
3307,0
13084,1
10578,1
19375,0
5564,1
6888,0
11225,1
18267,0
15133,0
12835,1
1622,1
6920,1
889,1
12263,0
18702,1
900,0
19729,0
316,0
19751,0
12433,1
9926,0
9927,1
1754,0
13221,0
4294,0
9696,0
3187,0
8834,1
16666,0
13902,1
12713,0
9706,0
6696,1
19104,1
14215,1
18602,1
979,0
2582,1
11004,1
14914,1
3803,1
17745,0
780,0
5179,0
11189,0
18531,0
5009,1
5596,1
8755,1
1681,0
735,1
11877,1
10385,0
17861,1
19597,0
17738,0
6949,0
17446,0
10919,0
17579,1
8397,0
17085,1
7750,0
8648,0
9999,0
6131,1
7746,0
10341,0
3998,0
13293,0
7447,1
7537,1
2295,1
1495,0
3498,1
15069,0
1512,1
17311,0
7703,1
11828,0
4704,0
14478,1
9273,0
13686,0
4617,1
17825,0
17818,0
18717,0
5060,0
16546,0
19543,0
16757,1
11091,0
3618,1
12854,0
2326,0
7790,1
1996,1
16243,0
2330,1
5217,0
5196,0
16624,1
15854,0
17138,0
11301,1
4108,0
12978,1
7757,0
9539,1
2870,0
4775,1
8001,0
8187,1
5046,0
462,1
18051,0
17925,1
13991,0
6379,1
7539,0
12074,1
16577,0
10326,0
16639,1
18099,1
6850,0
2494,0
7995,1
8504,1
532,1
16080,0
11161,1
1988,1
5082,0
17415,0
17778,0
3026,1
17472,0
10013,1
3157,0
18725,0
4506,1
18041,0
12798,1
19545,0
10637,1
17918,0
496,0
6269,0
16051,0
5625,0
6047,0
10474,0
1434,0
13719,1
3463,1
19172,1
9747,1
16561,1
8287,0
992,1
3888,1
13206,1
13613,1
13748,0
8583,0
4330,1
13387,0
2542,1
14873,1
7984,1
14280,0
12903,1
14145,0
4152,1
17857,1
2985,1
6911,0
1599,1
9410,0
4180,1
9912,0
18195,0
6111,0
7699,0
1491,1
3987,0
3330,0
98,0
1627,0
4897,0
5899,1
8485,1
19272,0
5887,0
1972,0
4849,0
16569,0
3051,1
9859,0
6240,1
11840,1
18850,1
10728,1
2764,1
3509,1
6569,0
15485,0
17539,1
1036,0
581,0
9699,0
19500,1
15156,1
4198,1
17525,1
19065,0
12431,0
7041,0
10466,0
7641,1
7883,0
680,1
7193,0
8117,1
7473,0
19173,0
2823,1
3685,0
19418,1
11175,0
8844,0
17636,1
18618,0
8506,0
7115,1
18225,1
11020,0
18319,1
10069,0
9506,0
4361,0
8567,0
11527,1
3497,0
10635,1
9843,0
3518,0
10263,1
5492,1
3588,0
10961,0
16999,0
14435,1
15812,0
2712,1
2365,1
7691,0
6720,0
15247,1
3020,1
11039,1
1753,0
8726,1
13866,0
19752,0
10986,1
4772,1
10867,1
10989,0
13569,1
4820,1
3899,1
17376,1
10438,1
17975,0
12740,0
10157,0
19611,1
4253,1
6400,0
10208,0
13701,0
7901,0
13024,0
1848,1
4886,0
19388,1
6134,0
4755,1
15564,1
14185,0
19012,0
15974,0
16376,0
2858,0
2810,0
18647,0
10327,1
3795,1
6970,0
4317,0
1700,1
9714,0
19584,0
14531,1
18214,0
12615,1
8756,0
6373,0
17142,1
6622,0
99,1
1265,0
9987,0
13592,1
1713,0
11727,1
14156,0
10222,1
11407,0
14830,1
8038,1
11015,0
14918,1
6523,0
12270,0
16748,1
17775,0
6239,0
19563,0
10813,1
11710,0
3702,1
15478,1
12060,0
16183,1
6064,0
12656,1
954,1
1002,1
15168,1
7478,0
17522,0
17846,0
4443,1
10552,0
11612,0
5314,0
17607,1
863,1
9715,0
9224,0
1226,1
1551,0
17089,1
19350,1
19224,1
5185,0
18510,1
18007,0
1601,1
5455,0
1955,1
4656,0
15169,0
5041,0
4996,1
2752,1
12695,1
1570,0
16478,0
3613,0
10849,1
17885,0
1067,1
15874,0
8772,0
17617,0
19424,1
16601,1
6598,0
1155,0
1394,0
1254,1
16303,1
14104,0
4461,0
13692,1
100,1
16633,1
6525,1
5997,1
4884,1
5055,1
4115,0
3573,0
7341,0
641,0
9601,0
14143,1
1052,0
17188,1
18632,0
6642,0
12328,0
8498,1
19223,1
18508,0
3372,0
8188,1
10658,0
13183,0
11591,1
8315,1
18283,1
18586,0
1825,0
16102,0
2819,0
13432,1
12126,0
7544,0
10201,0
17108,0
3844,0
8300,0
15451,1
18509,0
18621,1
9344,1
3290,0
1603,1
17471,0
866,1
9010,1
12523,0
9762,0
16054,1
13035,0
1038,0
6195,0
4575,0
5077,0
3355,1
1140,0
16598,1
7865,1
8981,0
12093,0
12871,1
12139,0
13379,0
4923,0
444,1
6896,1
4585,0
11754,1
13783,0
5722,1
16112,0
12509,0
15893,0
4318,0
12775,0
2039,0
15392,1
12612,0
8122,0
6372,0
1839,0
1024,0
19610,1
448,1
15336,1
10085,1
17946,0
2873,0
4453,1
9902,0
6969,1
13204,0
15080,0
19530,1
9503,1
14957,0
18323,0
6765,0
14056,0
5852,0
13916,1
6217,0
8974,1
4210,0
14243,1
12807,1
7100,1
13125,0
13245,0
18935,0
18342,0
17161,1
1419,0
9585,1
8083,0
12271,1
16582,0
15333,0
17521,1
18916,0
12162,1
14989,1
12922,1
15425,0
17459,0
14136,0
4572,1
5823,0
8655,1
5524,1
14329,1
8863,1
10894,0
5381,1
11744,1
4876,1
6592,1
9917,1
5954,0
1414,1
0,0
3861,0
17554,0
15239,1
12401,1
3168,1
1117,1
17937,1
2470,0
10046,1
11367,1
12508,1
13900,0
12961,0
13622,1
11369,0
11505,1
1646,0
10927,0
3041,1
8848,1
19382,0
16248,0
6323,1
19015,0
6182,1
16832,1
13342,1
10514,0
3642,0
6301,0
3736,0
256,0
9290,0
7549,1
16570,0
6024,0
7783,1
15096,0
18838,0
836,1
7381,1
1933,0
6752,1
18689,0
13910,1
7727,0
10699,1
941,1
15976,1
6127,1
12527,0
6745,1
3798,0
11923,1
13695,0
1870,0
17726,1
18333,1
18498,0
13268,1
1404,1
5787,0
1088,0
7317,1
1029,0
14059,0
12335,0
18574,1
676,1
9323,1
5292,1
10615,0
1389,0
5678,0
12120,0
5252,1
1180,1
17061,0
13380,1
8167,0
264,1
1307,1
6376,0
19036,1
2400,0
11038,0
15126,0
15389,0
14093,1
19105,1
2024,0
11081,1
728,0
15449,1
19483,1
1069,1
1784,1
6892,0
1564,1
9057,0
9249,1
6343,0
13808,1
10406,1
5097,1
3080,1
13406,0
5507,1
11764,0
10608,0
17212,1
9349,1
13068,1
18698,1
476,0
4731,0
15804,0
3237,1
16203,0
3412,0
16475,1
19096,0
13714,0
6757,0
14229,1
9510,1
15678,0
1844,0
11046,0
4413,1
5271,0
11972,1
370,0
9633,1
10483,1
9757,0
6695,1
18962,0
3981,0
12280,0
5248,0
16386,0
14748,1
13082,1
13074,0
3582,1
19618,0
2834,0
5593,0
10792,0
14580,0
1559,0
6250,0
18132,0
15945,1
6830,0
4881,0
4359,1
5827,0
4560,1
18694,1
2896,0
5337,1
5684,1
3731,1
17330,1
12528,0
12470,0
2738,1
4917,0
16295,1
19438,0
7262,0
7828,1
9466,0
7464,0
18185,0
12213,1
12136,1
16568,1
17094,0
6614,0
9951,1
1374,1
11655,0
1273,0
5349,0
9124,0
15635,0
16891,0
18166,0
13774,1
14311,0
4532,0
5506,0
14738,1
324,0
14756,0
18972,0
10401,0
7076,0
8200,1
13870,1
3957,1
11883,1
18885,0
5680,0
17963,0
537,0
12150,0
15078,0
11441,1
8255,0
18032,0
8343,0
4995,1
17762,1
4369,1
10690,0
9939,0
1743,1
11725,0
5360,1
5640,0
1693,1
12941,1
15357,1
16828,0
4465,0
15710,0
9293,1
12283,1
18056,1
10257,1
14565,0
12327,0
4938,1
4296,1
8479,1
7236,1
4687,0
9015,0
16056,1
3399,1
13908,0
10650,0
10159,1
7822,1
15316,1
4498,1
2149,1
6913,0
11869,0
18239,0
18180,1
12076,0
17319,1
16883,1
5642,0
10902,0
124,1
3470,0
758,1
9121,1
18045,1
9188,0
11937,1
18557,0
3841,1
9613,0
11164,1
9639,0
8467,0
14793,0
19745,0
16995,0
950,0
14893,0
2599,1
10533,0
18726,0
7786,1
2183,1
732,1
19368,0
6017,0
8057,1
15575,0
13698,0
19420,1
1251,0
8728,1
11232,1
14831,1
7914,0
13798,0
11852,0
4753,0
9920,0
1208,0
1517,0
19484,1
11110,0
12261,1
14322,1
4692,1
17960,0
19311,1
10872,1
2943,1
9667,0
3535,0
18412,1
19771,0
19739,0
166,1
10020,1
3443,1
13167,0
2808,0
7707,0
16374,0
8011,1
5745,0
8113,1
10121,0
11617,0
15385,0
7782,0
4935,0
12135,1
18266,0
5942,0
750,1
9386,0
11979,0
10329,1
10250,1
16304,1
6104,0
4814,1
3947,1
3146,0
3896,0
10922,0
6098,0
5320,1
19100,1
17056,1
13648,1
27,0
13276,0
17711,0
18641,0
10290,1
3610,1
13924,0
3092,0
2395,0
12094,1
17164,0
6080,1
10234,0
11383,0
7976,0
8484,1
10098,1
10512,0
4269,1
12109,1
4806,0
8638,1
4315,1
114,1
8528,0
11203,0
18840,0
7826,1
331,1
9294,1
2902,1
2640,0
18701,0
6805,0
1174,0
12371,0
2370,0
6787,0
19062,1
17000,1
10810,1
9029,1
5508,1
12553,0
70,0
2079,0
4081,0
19247,1
1662,1
11624,1
13296,1
7313,0
13458,1
11487,1
16075,0
10932,0
15328,0
8966,0
12351,0
1540,0
4297,1
11044,1
1968,1
11391,1
12712,0
9499,1
7813,0
14711,0
10861,0
2527,0
262,0
2207,0
2554,1
3584,0
18258,1
9540,0
67,0
8707,0
13133,1
17796,0
4276,1
1735,1
1456,0
1306,0
17631,1
5134,1
15028,1
7701,0
14722,1
17504,1
16707,1
17256,1
4195,0
6736,1
16264,0
3015,0
12183,0
17405,0
18517,1
6539,1
4140,0
13427,1
4852,1
6268,0
12966,0
8345,0
9890,1
12923,1
112,0
15713,1
3289,1
2945,1
11430,1
705,1
12180,0
6601,0
109,1
4462,1
18534,0
14008,1
14858,1
3394,0
18312,0
32,1
13039,1
11657,1
18287,0
3515,1
13346,1
16808,0
14460,1
15521,0
8813,0
2787,1
3978,1
15303,1
10983,0
477,1
13556,0
1358,0
2960,1
16085,0
6356,0
5287,0
2944,1
13855,1
5590,0
18922,0
18384,0
8214,0
13513,1
14265,1
11215,0
168,1
5396,0
15490,1
760,1
1008,0
15538,1
485,0
8168,1
5220,0
8147,1
6502,0
13252,0
16474,0
5846,1
12486,1
1715,1
149,1
155,0
7874,1
7797,0
4446,1
5378,0
16572,1
12810,0
14065,0
19607,0
12876,0
817,0
18837,0
17890,1
4812,0
4862,0
14735,0
16606,0
4744,0
7951,0
17028,1
610,0
3236,0
14926,1
16706,0
17674,1
1694,1
8762,1
10911,1
12326,1
10642,1
13763,0
17630,0
670,0
5970,1
10943,0
13722,0
12977,0
6677,0
12562,1
18706,0
7935,0
17548,0
3747,1
16314,0
9681,1
6065,0
2129,0
18130,0
14288,1
11275,1
6536,1
543,0
5207,0
14975,0
15619,1
17731,0
2137,0
16123,0
8170,0
12702,1
11610,1
4153,1
7622,0
3221,0
4263,0
7358,1
15623,0
15155,0
8348,0
1238,1
11092,1
13357,1
14739,0
1193,1
5282,1
11396,1
14443,0
7222,0
3815,1
14790,1
6533,0
9978,0
405,0
14199,1
6418,1
3712,0
5290,1
6364,0
12663,1
14120,0
9321,1
8395,1
19642,0
2937,1
11946,1
5800,1
7409,1
8744,0
11156,0
11159,1
17179,0
16513,1
5165,1
15331,0
4943,1
12385,1
5547,0
18243,1
17638,0
9161,0
15716,1
12014,1
13543,0
15664,0
11239,1
146,1
7028,0
8394,1
611,0
8486,0
5102,0
7988,1
1775,1
12919,1
6155,0
15301,0
19263,1
5972,1
4105,0
16274,0
4612,1
11088,1
15515,0
1212,1
17951,1
11634,1
10505,1
14587,1
15696,1
6466,1
8276,0
13776,1
8458,0
10426,1
10007,0
7128,1
8680,1
4142,0
10226,0
644,0
13203,1
12920,0
11008,0
14192,1
13030,1
9894,0
1667,1
3786,1
14961,1
14100,1
10220,1
14402,0
10155,0
7394,0
11033,0
19189,0
92,0
7774,0
7458,0
7637,1
14425,1
6721,0
13253,0
19705,0
4314,0
3639,0
9891,0
9450,0
4093,0
11176,1
440,1
16245,1
14298,1
10083,0
14533,0
893,0
6332,0
16850,1
14041,0
3119,1
8182,0
10952,1
17629,1
6507,1
16268,1
2701,0
2866,0
10041,0
3743,0
15000,0
13643,0
8949,0
3603,0
16754,1
9320,0
12576,1
5401,0
618,1
8298,0
5164,0
19796,0
4913,1
7957,0
13604,0
18381,0
13694,0
1399,0
3495,1
19433,0
9259,0
16224,0
6685,1
14290,1
1118,1
8012,1
3012,0
15869,1
5635,1
3488,0
5903,1
17148,0
1186,1
11315,0
6803,0
10822,1
15391,1
6748,1
15104,1
15353,1
2743,0
6273,0
15412,1
18993,0
8887,0
1240,1
9659,1
8252,1
2851,0
3958,1
5947,0
8845,0
18961,1
6229,1
11251,0
18025,0
7582,1
11878,1
1874,1
245,1
1528,0
5187,1
1792,0
16197,0
18931,0
12870,0
1557,0
11204,0
2017,0
7533,1
9799,1
15208,0
535,0
5761,0
1156,1
18861,1
8119,0
7861,0
16833,0
3514,1
8838,0
78,0
2211,0
1728,1
19671,0
1070,1
14861,1
12259,0
6597,1
10152,1
8861,0
1994,1
18070,0
10063,1
10049,0
6612,0
8014,0
14968,0
18546,0
5356,0
1305,0
8178,0
15612,1
13131,0
7477,0
6869,1
18426,0
6976,1
16385,1
12484,0
16701,1
5660,0
2880,1
2793,0
7468,0
9167,1
19006,1
3934,0
7430,0
8391,0
19636,0
2357,1
16292,1
16218,0
17156,1
16773,0
12535,0
6025,0
335,1
7116,0
13403,1
3239,0
5552,1
948,1
10823,1
3177,0
293,0
19576,0
15317,1
3625,1
14579,1
18448,0
15867,0
18301,1
1351,0
3864,1
18361,1
6894,1
19392,0
6371,0
116,1
11241,0
5689,0
16968,0
10846,1
15173,1
3397,0
15671,1
19250,1
5496,1
18843,0
18192,0
17656,0
11056,1
13724,0
19670,0
14820,1
9229,1
80,1
8365,1
9666,0
3503,0
2031,0
19649,1
13028,1
3010,0
11783,1
4169,1
19207,1
9265,0
10787,1
17131,1
3722,0
4633,1
6402,0
6731,0
11182,0
4931,0
4722,0
2217,1
3782,1
13027,0
437,0
6118,0
17900,1
8230,0
14963,0
6700,0
5353,0
13165,0
17015,1
13107,0
5893,1
2440,1
9898,1
19775,0
1582,1
16638,1
12092,1
16769,1
7713,1
1731,1
9292,1
4827,0
17689,0
13650,0
9341,0
2562,0
8040,1
315,1
33,1
15499,1
4941,1
17328,0
12503,0
15016,0
17382,0
6411,0
12997,0
129,0
4036,0
4255,0
4598,0
4966,1
19577,0
8566,1
1865,0
9248,1
9058,1
2197,1
3956,0
4967,0
5751,0
14578,1
19403,1
7752,0
9652,1
19007,1
137,0
14526,0
25,0
6699,1
2898,0
17992,0
8063,1
12830,1
9815,0
14881,1
6585,0
546,0
5865,1
10815,1
13964,0
12339,1
7489,1
12384,1
3195,1
639,0
18871,0
2309,1
14362,0
17843,0
8307,0
10947,1
12797,0
12852,0
16877,1
4034,0
4052,0
12472,0
16426,1
15988,0
18115,0
4520,0
4370,0
703,1
5812,1
19411,0
17589,0
6454,1
13397,1
2364,0
13347,0
11139,0
11174,0
6067,0
10907,0
16976,1
9932,1
18897,1
946,0
16794,0
12614,0
771,1
16945,0
4858,0
4505,0
6997,1
3063,0
5404,0
5986,1
17832,0
5269,1
4311,0
11148,1
1934,0
9749,1
12624,0
17041,0
2966,1
8978,1
333,0
19634,0
14458,0
14440,0
12885,0
2078,0
17255,0
19732,1
18808,0
1266,1
15973,0
6543,0
14877,0
4661,1
1396,1
7632,0
12735,1
19466,0
13171,1
13339,0
6645,1
8464,0
4194,0
9555,1
1992,0
6321,1
17683,1
11738,0
1059,1
5357,0
548,1
2139,1
8646,0
10987,0
19754,0
8387,0
7672,1
16359,1
5728,1
13840,1
18981,0
2359,0
3235,1
12303,0
13092,1
11573,0
14983,0
2266,0
14973,0
18097,1
460,0
3462,1
7074,1
692,0
8706,0
2165,1
2921,0
13242,0
17310,0
11659,0
5889,0
7538,1
6638,0
1696,1
5539,1
11550,1
1452,0
9255,0
5476,0
15257,0
9818,1
8547,0
15881,0
13051,0
5825,1
10816,0
13279,1
4387,1
5390,0
9034,1
14430,1
12153,0
7896,1
12083,1
247,0
15770,0
6872,0
13756,0
7455,0
3718,0
18222,0
1335,0
154,0
19688,0
5472,1
5370,0
9961,1
14572,0
15527,0
805,1
724,0
13069,1
7702,1
6868,0
11147,1
9303,1
12010,1
10109,1
17894,1
7767,1
10997,1
6170,1
12861,0
6160,1
19310,1
18771,0
3684,0
4003,1
17707,0
1740,0
3936,0
19507,0
11338,1
18764,0
11047,1
14212,1
10096,0
13617,0
16791,0
8473,1
6038,0
19042,1
3252,1
15436,0
1802,1
7411,0
3120,1
19248,1
19081,1
3257,1
14028,1
4179,1
15848,0
6018,0
16542,1
11611,1
2989,1
650,0
14497,1
15036,0
19342,0
11755,0
18512,0
15717,1
19608,0
12167,0
14939,0
1937,1
15764,0
12216,1
16237,1
15253,0
3025,0
15342,0
15290,1
3414,0
13146,1
4420,0
7235,0
18366,1
18909,1
1089,0
17009,0
6588,0
14685,0
16178,0
6395,1
609,1
10000,1
9525,1
18477,1
5225,1
3332,1
12278,0
13557,1
4356,1
17768,0
6640,0
15048,1
2336,1
5406,1
18996,0
15905,0
2117,1
18140,0
8068,1
13249,0
8908,1
18211,1
14017,0
199,0
13287,1
1801,0
10729,0
8054,1
12015,0
2216,0
13825,1
16223,0
17366,1
10624,1
4006,0
19613,1
8150,1
18257,0
8872,1
12389,0
6288,1
17942,1
5182,1
19068,1
19384,0
18637,0
2882,1
18013,0
9865,1
14785,0
14066,0
13270,1
16768,0
15934,0
4978,1
2688,0
6904,0
14148,1
9012,1
15685,0
5641,1
6237,1
12636,0
1776,0
15206,0
5906,1
12628,0
8801,0
1080,0
4638,1
17042,0
18773,0
13966,1
14436,1
10948,0
18087,0
4089,1
10540,0
5760,1
13865,0
1703,1
14213,1
5871,0
8355,1
16691,0
2929,0
7160,1
675,0
2140,0
4555,1
103,0
4802,0
13056,1
8971,1
16433,1
11474,0
10210,1
5588,0
18538,0
7296,1
11122,0
2662,1
16778,0
11583,1
13305,1
4777,0
15021,0
11683,1
5029,0
12453,0
9247,1
15491,0
9261,0
15698,0
19721,1
3136,0
3836,1
12907,0
11354,0
2086,1
16807,1
12132,0
16819,1
3425,0
16177,0
12647,0
963,0
10668,0
7485,1
14191,0
2544,1
15822,1
3219,1
176,0
1350,0
13103,0
3705,0
14838,0
6886,0
19118,0
2923,1
16549,0
14488,1
17178,0
17770,1
3682,0
13835,0
17487,0
4285,1
5037,0
5783,0
9191,0
16942,0
10062,0
6996,1
19727,1
7123,0
5391,0
5316,0
9042,1
15655,1
8289,0
8822,0
6435,1
10713,0
5735,1
14467,1
15898,0
5582,0
1235,0
15248,1
135,1
7287,1
6884,1
16217,0
449,0
3416,0
17019,1
10275,1
14993,1
11212,0
17072,0
16566,1
5264,0
3487,0
14343,0
7795,0
18730,0
14734,1
8618,1
7079,1
352,1
2333,1
6066,0
5255,0
13721,0
13992,1
1323,1
16093,1
15456,0
757,1
3254,0
14699,0
12606,1
16777,0
803,1
18076,1
18106,0
10381,0
6208,1
9053,1
17492,0
739,0
4309,0
7815,0
17658,1
18247,0
1842,0
1014,0
3692,0
12933,0
7472,1
3649,1
8982,1
18928,1
14197,1
2441,1
18665,0
19616,0
6145,1
10741,1
17706,1
8205,0
19014,1
11199,0
12336,0
2821,0
16803,0
3666,0
14398,0
17667,1
15600,1
15953,1
4045,1
16469,0
4742,0
12772,1
3481,0
14653,1
7379,1
11768,1
11279,1
5960,0
14484,1
1993,1
18447,0
10619,1
13066,1
3848,0
11256,0
12623,0
79,1
9250,1
14903,1
15067,1
9429,1
1803,0
9872,0
198,1
17336,0
7257,0
4587,0
11720,1
16398,0
337,0
7067,1
18967,0
11163,1
5080,0
11584,0
15483,1
4466,1
16143,0
17800,1
17780,0
16275,1
19571,0
11653,0
18774,0
16978,1
12784,0
5437,0
14634,0
18075,1
11472,0
9656,0
19718,0
418,1
6758,1
19629,1
19221,0
8644,0
8795,0
1125,1
6846,1
377,0
13144,1
9792,1
12078,0
17498,0
19460,0
17786,0
7801,1
2842,0
6181,1
4563,0
921,1
23,0
11718,0
7564,0
18330,1
5201,0
3980,0
8867,0
390,1
9858,1
14424,0
13271,0
4644,1
13350,1
11460,1
9001,1
5032,0
12828,1
10706,1
17444,0
12250,0
6265,1
15798,0
16694,0
53,1
13926,1
14238,1
11361,0
16851,0
18351,0
1744,1
1464,1
10036,1
16324,1
8969,0
2906,1
7939,1
5925,1
649,1
16579,0
14631,0
11364,1
17102,1
14742,0
12689,1
6834,1
3765,1
142,1
1315,1
6798,1
15790,0
19586,0
14582,1
8462,0
566,0
14909,1
2015,1
19235,0
2616,1
16743,1
13500,0
5983,1
5266,1
2338,1
5926,0
15068,0
8738,1
1283,1
14744,0
15144,1
10271,0
5741,0
15402,0
11700,1
2059,1
10909,0
3056,0
8599,0
19706,0
9542,0
774,0
1326,0
11904,1
9232,0
6946,1
17369,1
6186,1
18895,1
3862,1
13952,0
9986,0
18043,1
17649,1
3561,0
4328,0
5328,1
16200,0
12106,0
1790,0
18948,0
6672,1
5439,1
4044,1
497,0
14951,1
15914,0
7819,1
5832,1
2121,1
7105,1
17185,1
14514,0
9131,0
18011,0
1146,1
14161,1
2176,1
9446,0
13683,1
3993,0
14556,0
5206,1
433,1
6796,1
1780,1
3928,1
19130,0
13608,0
19213,1
14196,1
13668,0
806,1
2209,0
6164,1
8701,1
629,0
12203,1
18505,1
18113,1
14492,0
8286,1
15231,1
2350,0
14020,0
9017,0
9589,0
12800,0
7156,0
11351,1
12676,1
3833,1
7188,0
16630,0
6353,0
7745,0
5833,1
8600,1
11365,0
15616,1
14736,1
14314,0
6973,0
9933,1
16781,0
9453,0
19707,0
4863,0
11356,1
16732,0
19371,1
3904,0
13792,0
17174,1
16745,1
7338,0
4324,0
2013,0
15313,0
4530,1
5095,0
19187,0
11820,0
4758,1
4709,1
714,1
1645,0
10169,0
8571,1
19527,0
9407,0
17941,1
19451,1
15827,1
6806,0
19106,1
9367,1
11107,0
973,1
5901,1
11579,1
11595,1
3883,1
6495,0
16063,1
4065,1
4472,0
1177,1
417,1
16509,0
540,0
8336,0
12738,0
3995,1
11219,0
3650,0
2296,0
9423,1
9884,1
10301,0
10443,0
17168,0
2939,0
5092,0
9332,0
3191,0
16179,1
2329,0
11134,1
17605,0
8875,1
153,0
7619,1
12879,1
16151,0
16902,0
10834,0
3379,1
12916,0
3114,1
8375,1
1272,1
2773,1
9169,0
18441,1
10254,1
11463,0
5424,0
9916,0
5829,0
3433,1
2401,1
19190,1
4699,1
9984,1
8035,1
7061,0
19759,0
6532,1
2043,0
17124,0
12125,0
6570,0
3890,1
5494,1
11290,0
14500,1
15699,1
19074,1
10609,0
12230,0
12729,1
5874,1
2479,1
12397,1
16057,1
8322,0
5560,0
15824,0
7111,0
6444,0
13071,0
1832,1
2225,1
7130,0
9181,0
6974,0
10518,1
14705,0
10796,1
7588,1
3366,1
3789,1
18262,1
12515,0
14111,0
9382,1
12202,1
6433,0
15576,1
3411,0
18749,0
10035,0
12383,0
14703,1
4392,0
12706,1
17938,1
3357,1
4689,0
17157,1
16738,1
2339,1
10753,0
16133,0
15093,1
11009,0
10299,1
50,0
1739,1
3253,1
11941,0
5603,1
6484,0
14089,0
16789,0
16158,1
4259,0
18037,1
10545,1
13839,1
9269,0
18269,1
9693,0
97,1
17693,0
6244,0
17627,1
7682,0
10686,1
17183,0
17132,1
14717,1
5861,1
11788,0
11631,0
1508,1
6848,1
10093,0
17390,1
5822,0
15395,0
9077,0
19447,1
16963,1
19293,1
6978,0
7099,1
2142,1
3167,0
15198,1
11575,1
2697,1
15250,1
7347,1
18937,1
7406,0
18905,0
4233,1
18787,1
10716,1
12757,0
14929,1
14219,0
19085,1
6477,1
8179,0
13687,1
18818,0
3814,0
15931,1
411,0
17593,1
14813,0
712,1
19328,1
7059,1
4908,0
8722,1
7747,1
6519,0
3407,0
12362,1
9556,1
17449,0
6893,0
5366,1
10765,0
5136,0
4981,1
10534,1
14182,0
19655,0
3626,1
8520,1
11704,0
19170,0
13099,0
12272,0
10730,0
4188,1
2626,0
19141,1
10824,0
10017,1
14447,0
10051,0
5643,1
16726,0
9576,0
15174,1
7516,1
977,1
18406,1
13782,0
17856,1
8621,0
12286,0
17556,1
16611,1
2981,0
2613,0
13449,1
15455,0
6315,0
18376,1
11903,0
638,0
1459,1
6345,1
2746,0
5749,1
4968,0
18019,0
11845,0
13995,0
12582,1
12062,0
15172,1
14409,0
18165,0
15823,1
16113,1
13550,0
11971,1
8941,1
18654,1
16221,1
3431,0
12665,0
13308,1
10802,1
12086,0
12822,0
9519,0
12619,1
11965,0
19351,0
5613,1
831,0
1734,1
12319,0
8630,1
15125,1
8979,1
18709,0
12584,1
9109,1
8198,0
3714,1
15193,0
18615,1
7176,1
6556,0
11267,1
2021,1
18752,0
15662,1
18186,1
15891,1
7031,1
13354,1
14113,1
4620,0
5323,1
7616,1
14763,0
8900,1
13269,1
19202,1
845,0
13112,0
3547,0
637,0
11508,0
18896,0
298,0
3228,0
6253,1
2905,0
17523,0
6139,0
12799,1
12455,1
3392,1
10410,0
4841,0
11770,0
13827,1
5591,0
4631,1
13108,1
8041,0
17755,0
18836,0
10192,1
3439,1
14998,0
1105,1
6931,0
4513,0
14674,1
13169,0
16536,1
18877,0
8831,1
15015,0
15413,1
4594,0
8112,0
16317,0
2367,0
17439,0
6278,1
10598,0
5433,0
4319,1
3773,1
3681,0
6159,0
16544,0
12215,0
6130,0
9129,0
17100,1
11818,0
17789,1
9210,1
13178,0
3598,0
2877,0
17813,0
15040,0
9022,0
6156,0
8480,0
8500,0
11216,0
2091,1
19621,0
3617,1
9683,0
12363,0
4304,0
10649,1
13675,1
447,0
1623,0
4391,1
15985,1
4376,0
8396,0
13059,0
9206,1
86,1
18276,0
3913,1
2133,1
7706,1
7717,1
8271,1
8494,0
12570,0
6202,0
3876,1
15360,1
15494,0
430,1
12990,0
4225,0
16446,0
13337,0
12058,0
17271,0
18593,0
12613,1
5712,0
9653,1
840,0
2055,1
19454,0
15939,1
10295,1
1946,0
17854,0
15279,0
8376,0
16125,0
15882,1
4541,1
1164,0
7670,1
18367,0
4971,0
16435,0
2857,1
4239,1
3908,1
18640,1
10859,1
19000,0
8868,0
7629,0
2353,0
13446,1
5446,1
17364,0
16059,0
14874,0
3530,0
8004,1
4760,1
5246,0
6072,0
2548,1
17912,1
12755,1
12349,1
7308,1
9067,1
1182,0
16752,0
7597,0
13175,1
10347,0
18645,1
16019,0
883,0
7068,0
2369,1
15234,0
14665,1
1285,1
15906,1
63,1
11392,1
1462,0
2515,0
2056,1
4395,1
12376,0
11058,1
1048,0
14725,0
19435,0
3380,1
10396,0
19364,0
5286,1
8592,1
1205,0
6055,0
1959,1
8121,0
5614,0
14446,0
19033,0
8435,0
5081,1
7212,1
8918,0
1099,1
12141,0
12145,1
5753,0
1468,0
4487,0
14719,0
14536,0
7132,0
16709,1
18062,0
15487,0
2023,1
15581,0
6357,1
12908,0
7201,0
5549,1
2615,0
2362,1
13396,0
9886,1
10465,1
2004,1
16486,0
14906,1
3672,0
17526,1
12505,0
3589,0
361,0
18101,0
11948,0
4725,0
4828,0
11589,1
17026,1
12033,1
15406,1
10573,0
10855,1
8443,0
15850,1
916,0
16597,1
3017,0
1179,0
10293,1
2779,1
14315,0
10162,0
9688,1
3590,1
14765,1
12753,1
952,0
19446,0
16465,0
10460,1
3839,0
19513,0
454,0
2351,1
13333,1
7519,1
15348,0
2725,0
13785,0
12571,1
13672,0
18198,1
7498,1
13662,0
11412,1
17083,0
4823,1
15044,0
15928,0
18883,0
16273,1
9197,0
2389,0
4937,1
3636,0
15121,0
2581,0
8659,1
815,1
9199,1
672,1
9115,1
15702,0
3106,1
5242,0
7112,0
12914,1
2074,0
4588,0
16430,1
6522,0
15506,0
12771,0
4483,1
1614,0
15154,1
762,1
16555,0
3,1
1246,0
16371,0
3643,1
3516,0
18465,0
1658,1
18971,0
19039,1
4135,1
7785,0
1534,1
11673,0
7660,0
18403,1
7322,0
18123,1
8854,0
18234,1
8272,0
17551,1
7780,1
19120,1
5326,1
11887,1
463,1
6251,0
12279,0
4626,1
2239,1
9783,1
10747,0
5310,0
10780,1
19551,1
4412,0
4209,1
13969,0
6452,0
13152,0
957,1
12585,0
16669,1
12332,1
15663,0
14561,1
10860,0
4698,0
3669,1
1687,0
16820,1
2890,1
3011,0
15774,0
1007,0
962,0
18425,0
3691,0
19508,1
8120,1
10371,0
14895,0
1932,0
11397,1
13843,0
9730,0
101,0
13058,1
2388,1
17229,0
15366,0
1453,1
13872,0
3809,1
3690,0
15118,1
9340,1
1610,0
18004,0
4166,1
838,0
13582,0
16665,0
394,0
10565,0
19440,1
15145,0
2458,1
3190,0
18853,1
6459,1
6152,0
11546,1
6243,0
14607,1
12274,0
19469,1
11730,0
5982,0
7490,1
9769,1
15707,1
14540,1
4460,1
19737,0
8510,1
9995,1
8954,0
5968,0
9471,1
11068,0
3824,1
1521,1
6624,1
9084,0
7465,1
7799,0
12321,1
10646,1
18383,0
5934,0
7630,0
3778,0
12469,0
6693,0
4818,1
6068,1
16708,1
11793,1
481,0
4073,0
12670,0
3179,0
18060,1
12722,0
17591,0
9642,0
17967,1
14303,0
14988,1
12164,0
19098,0
13940,0
11875,1
2289,1
12904,0
13886,0
1446,0
10025,0
4568,1
16698,0
16894,0
7328,0
1380,0
5810,1
3727,1
17076,1
10746,0
7129,1
19077,0
7293,1
2311,1
4348,1
16305,0
16867,0
11492,1
3963,0
7763,0
622,0
6682,0
16406,0
19556,1
7566,1
12720,0
14960,1
10748,1
18559,1
19327,0
6548,0
2391,0
5781,1
12079,1
8819,1
15025,1
1237,1
3933,1
13136,0
19396,0
10908,1
5692,0
18169,0
18659,0
3047,1
3767,0
1128,0
16853,1
15081,0
4961,1
5405,0
18864,0
2198,0
14994,1
5129,0
17849,0
7522,1
4657,0
2028,1
18202,0
12837,0
3717,1
17307,0
16476,0
8134,0
6410,1
3147,0
15013,0
15736,1
16477,0
10569,0
7860,0
1979,1
1905,0
10749,0
12022,0
12372,0
7905,1
15697,1
6703,1
17624,1
16559,0
13954,1
5955,1
8899,0
3849,0
14347,0
3881,0
7412,0
3315,1
9030,0
1290,0
17381,0
12227,1
17060,1
6483,1
9284,1
11026,0
18588,1
3111,1
17788,1
3738,1
9139,0
12956,1
6074,1
16044,0
4310,1
17470,1
4120,0
12758,1
16212,1
4421,0
11756,0
4261,0
5850,1
9276,0
16610,1
7709,0
7184,1
16159,0
6036,1
4787,0
7221,0
13810,1
15594,1
7625,0
14979,1
8302,0
3524,0
11090,1
492,1
4393,0
14296,0
8290,0
501,0
1621,0
16339,0
7847,0
2084,0
17339,0
17084,0
16648,1
18143,0
4454,1
17116,1
19801,0
2235,0
7463,1
15037,1
9270,1
1518,0
5818,1
16966,0
4215,1
2283,0
13316,0
19437,0
928,0
7267,0
305,0
7010,0
11098,0
12222,0
4723,0
5244,1
8860,1
15421,1
6207,0
17171,1
18349,0
6032,1
421,0
7092,0
14480,1
13961,0
939,0
15551,1
4010,1
15842,1
16373,0
6823,1
13090,1
9071,1
9813,0
10103,1
10362,1
5363,0
6818,0
19056,0
13298,1
5294,1
3333,1
8947,1
12357,1
36,0
18000,0
17725,1
11907,0
6432,0
19743,0
11311,0
17476,1
461,0
11160,0
5880,0
2956,0
16154,1
15347,1
1644,1
8169,0
14078,0
4864,0
17727,1
10211,0
19441,0
15740,0
17524,0
19252,0
346,1
3035,1
8735,0
1986,1
10978,0
1480,1
6514,1
1481,0
10058,0
5126,0
13519,1
17577,1
19303,1
357,0
11329,1
13227,0
1515,0
4021,1
17172,1
5543,1
14365,1
18828,1
6180,0
18410,1
17154,0
19366,1
1170,1
9358,1
14302,0
